variable,variable_label,condition,unit,n,mean,sd,median,q1,q3,iqr,min,max,mean_ci95_low,mean_ci95_high,dimension,dimension_label
tlx_mental,Demanda mental,C00,0–100,42,36.666666666666664,27.15508007691636,30.0,10.0,65.0,55.0,0.0,95.0,28.204548010318973,45.128785323014355,tlx_mental,Demanda mental
tlx_mental,Demanda mental,C10,0–100,42,26.19047619047619,25.87044466345303,17.5,5.0,37.5,32.5,0.0,90.0,18.12867811017106,34.25227427078132,tlx_mental,Demanda mental
tlx_mental,Demanda mental,C11,0–100,42,30.357142857142858,28.119797234611763,20.0,6.25,50.0,43.75,0.0,100.0,21.594397171336595,39.11988854294912,tlx_mental,Demanda mental
tlx_physical,Demanda física,C00,0–100,42,33.80952380952381,28.60175510156087,25.0,10.0,57.5,47.5,0.0,100.0,24.89658947960633,42.72245813944129,tlx_physical,Demanda física
tlx_physical,Demanda física,C10,0–100,42,18.333333333333332,19.5581268326814,10.0,5.0,20.0,15.0,0.0,80.0,12.238591963200658,24.428074703466006,tlx_physical,Demanda física
tlx_physical,Demanda física,C11,0–100,42,14.047619047619047,16.937406114872378,10.0,0.0,22.5,22.5,0.0,60.0,8.769551744233112,19.325686351004983,tlx_physical,Demanda física
tlx_temporal,Demanda temporal,C00,0–100,42,32.5,30.227793703727734,25.0,10.0,53.75,43.75,0.0,100.0,23.08035637103558,41.91964362896442,tlx_temporal,Demanda temporal
tlx_temporal,Demanda temporal,C10,0–100,42,22.142857142857142,26.690247993960156,10.0,5.0,33.75,28.75,0.0,95.0,13.825590360638015,30.460123925076267,tlx_temporal,Demanda temporal
tlx_temporal,Demanda temporal,C11,0–100,42,22.738095238095237,23.895156692446317,15.0,6.25,30.0,23.75,0.0,80.0,15.291840221694528,30.184350254495946,tlx_temporal,Demanda temporal
tlx_performance,Rendimiento percibido,C00,0–100,42,49.76190476190476,36.70834923556853,45.0,15.0,88.75,73.75,0.0,100.0,38.32277786446329,61.20103165934623,tlx_performance,Rendimiento percibido
tlx_performance,Rendimiento percibido,C10,0–100,42,46.666666666666664,37.39483899871529,50.0,6.25,83.75,77.5,0.0,100.0,35.01361449941705,58.319718833916276,tlx_performance,Rendimiento percibido
tlx_performance,Rendimiento percibido,C11,0–100,42,45.833333333333336,35.38837942565305,40.0,15.0,75.0,60.0,0.0,100.0,34.80553798500398,56.86112868166269,tlx_performance,Rendimiento percibido
tlx_effort,Esfuerzo,C00,0–100,42,35.357142857142854,27.26099816415245,35.0,10.0,50.0,40.0,0.0,95.0,26.8620178012741,43.85226791301161,tlx_effort,Esfuerzo
tlx_effort,Esfuerzo,C10,0–100,42,21.904761904761905,22.65737324000843,12.5,5.0,33.75,28.75,0.0,90.0,14.84422736555091,28.9652964439729,tlx_effort,Esfuerzo
tlx_effort,Esfuerzo,C11,0–100,42,27.857142857142858,23.791340327195943,20.0,10.0,40.0,30.0,0.0,80.0,20.443239297586725,35.271046416698994,tlx_effort,Esfuerzo
tlx_frustration,Frustración,C00,0–100,42,21.071428571428573,24.458419526091337,10.0,0.0,33.75,33.75,0.0,95.0,13.449648499696998,28.693208643160148,tlx_frustration,Frustración
tlx_frustration,Frustración,C10,0–100,42,18.333333333333332,23.70208045480774,10.0,0.0,25.0,25.0,0.0,85.0,10.947245108118324,25.71942155854834,tlx_frustration,Frustración
tlx_frustration,Frustración,C11,0–100,42,23.095238095238095,27.584733780604193,10.0,1.25,38.75,37.5,0.0,100.0,14.499229919454354,31.691246271021836,tlx_frustration,Frustración
